label,feature 1,feature 2
0.123,0.715278974,-1.545400292
1.23,0.5,-0.720085561
-1.45,0.5,0.004291431
0.51,0.43302619,1.203037374
